content_type,content_id,genre,num_packets,pkt_size_mean,pkt_size_std,pkt_size_cv,inter_mean,inter_std,inter_cv,p95_inter,burst_mean,burst_max,num_silence_gaps,silence_ratio,flow_duration,pkt_rate
music,spotify:track:325toqbCzE1g1pYIED7U4C,progressive rock,62,114.5,219.748738482195,1.91920295617638,0.79185830178808,1.87516269079878,2.36805333298206,4.6949737071991,4.46774193548387,14,10,0.954921506236155,48.3033564090729,1.28355469700558
music,spotify:track:09BINxFxiDeywjfC39nRFi,progressive rock,50,88.46,138.151251894436,1.56173696466693,1.09735545820119,2.29785138115056,2.09399002299331,6.79402594566344,4.14,12,10,0.97582221591371,53.7704174518585,0.929879334575852
music,spotify:track:3TO7bbrUKrOSPGRTB5MeCz,progressive rock,64,111.171875,213.766998935721,1.92285143104513,0.885538237435477,2.40556929203448,2.71650527367516,6.68032672405243,6.046875,21,9,0.970870273978263,55.7889089584351,1.14718142359949
music,spotify:track:6pnwfWyaWjQiHCKTiZLItr,progressive rock,96,113.135416666667,211.320580900977,1.8678552404469,0.60602573344582,1.77047540416625,2.9214525167099,3.98282022476196,5.07291666666667,13,9,0.854250040692393,57.5724446773529,1.6674643666428
music,spotify:track:1bQ4zbP8Fo0qAePTSOfYji,progressive rock,68,122.088235294118,250.707747322403,2.05349636448126,0.87754502225278,2.617168961071,2.98237571259007,4.2799204826355,4.67647058823529,16,8,0.881655746222511,58.7955164909363,1.15655077220867
music,spotify:track:4hO2y5DRbeMppklIroS1O8,progressive rock,87,105.850574712644,218.500928677667,2.06423941741308,0.649741061898165,2.26303608634776,3.48298148147893,3.36754113435745,4.89655172413793,16,9,0.917310570881564,55.8777313232422,1.55697087085947
music,spotify:track:7F02x6EKYIQV3VcTaTm7oN,progressive rock,90,128.366666666667,260.323621244362,2.02796900476002,0.559295549821318,1.76898483709891,3.16288022971766,3.83569083213806,8.15555555555556,28,9,0.935600444187621,49.7773039340973,1.80805292546892
music,spotify:track:6H2iNAzdJZ7mQXcHrH79tA,progressive rock,70,126.928571428571,273.913611064749,2.15801381818035,0.864516019821167,2.75307031602931,3.18452203650178,6.52489871978759,6.41428571428572,20,8,0.981359498254829,59.6516053676605,1.17348057220854
music,spotify:track:1sprwwKwSoNB6zxxaYGhWf,progressive rock,65,95.0615384615385,198.77160274841,2.0909781807164,0.734398771077395,2.06983463871052,2.81840700206236,5.21637291908264,5.64615384615385,16,7,0.898909670532472,47.0015213489533,1.38293395903977
music,spotify:track:0u90NnJ2p3Q2MIP9IaAsg5,progressive rock,75,96.12,175.448222941509,1.8253040256087,0.776504626145234,2.76872364197779,3.56562414279801,5.46328593492506,5.73333333333333,16,6,0.919180612078143,57.4613423347473,1.30522533850809
music,spotify:track:1IAiDrvZCOx8AHlNZGY5yU,progressive rock,58,95.4827586206897,189.969529442298,1.98956892518116,0.982775299172652,2.66751794187906,2.71427043814054,7.31296010017395,4.37931034482759,13,7,0.919650324418272,56.0181920528412,1.03537793481963
music,spotify:track:5VWC7v2dC2K0SIIjT9WTLN,progressive rock,81,131.851851851852,335.555412476464,2.5449427350743,0.668888494372368,2.06977817035843,3.09435457146045,4.49673726558685,7.12345679012346,25,8,0.909865105970599,53.5110795497894,1.51370521173346
music,spotify:track:6uE9hF8fIb6shBXrrzA12U,progressive rock,46,81.5652173913043,89.2263005128735,1.09392585916636,0.863238514794244,2.89296002911375,3.35128701921195,5.35647020339965,8.10869565217391,24,5,0.957616003808831,38.845733165741,1.18417123970178
music,spotify:track:1ABSzfyYSTmSrUx5NBxYaV,progressive rock,84,112.202380952381,229.803217048325,2.04811355247314,0.670786837497389,2.58603905683011,3.85523226197797,4.05194387435913,5.36904761904762,15,7,0.923640806954753,55.6753075122833,1.50874784088921
music,spotify:track:6uU0Hu8oVk9gBihokcrDMH,progressive rock,43,64.2558139534884,13.5029592333833,0.210143773809439,0.983260410172599,2.14788473111011,2.18445155412398,5.55538452863693,3.06976744186047,10,8,0.907597444699948,41.2969372272491,1.04123944503146
music,spotify:track:7KA6U0WOHdGxWWLGPYN2Sb,progressive rock,61,99.2459016393443,194.070348554645,1.95544949815549,0.760720698038737,3.0104410706807,3.95735396505197,3.64564809799194,4.44262295081967,13,5,0.878609773865697,45.6432418823242,1.33645195837027
music,spotify:track:2dxfyqdrI8XVOT3H1YcOsU,progressive rock,86,133.918604651163,288.685159441517,2.15567627958413,0.67912093891817,1.82104124621347,2.68146826559989,5.32605972290039,6.05813953488372,20,10,0.93694934868201,57.7252798080444,1.48981521243341
music,spotify:track:3c8LKbUsjW9lMYQzVScXQT,progressive rock,50,81,89.5383716626564,1.10541199583526,0.798063516616821,1.80234803607797,2.25840174190463,4.93007082939147,4.46,14,8,0.939025884050108,39.1051123142242,1.27860520123894
music,spotify:track:5HNCy40Ni5BZJFw1TKzRsC,progressive rock,61,106.688524590164,193.677401288726,1.81535363838542,0.964058430989583,2.6290939293334,2.72711056178897,6.90574789047241,5.0327868852459,16,8,0.931558366507669,57.843505859375,1.05456955095873
music,spotify:track:3ieDOGcOqVxScs2VZBzidt,progressive rock,42,108.642857142857,221.874355417287,2.04223601304538,1.42375435480257,4.16022938716757,2.92201345908751,4.7980580329895,3.97619047619048,14,7,0.95334828373579,58.3739285469055,0.719499287532987
music,spotify:track:5hM5arv9KDbCHS0k9uqwjr,neo-psychedelic,75,221.72,565.925167255648,2.55243174840181,0.784271494762318,2.25308505749103,2.87283813390904,4.22432465553283,5.30666666666667,16,10,0.922218668662397,58.0360906124115,1.292299312524
music,spotify:track:2X485T9Z5Ly0xyaghN73ed,neo-psychedelic,74,112.432432432432,197.263514323537,1.754507218743,0.765339661950934,2.06130700034305,2.69332311236628,6.19837732315063,5.89189189189189,22,9,0.935882061889662,55.8697953224182,1.32450816354265
music,spotify:track:1HVYQj4liQb1QOygBfjZqV,neo-psychedelic,84,184.738095238095,418.319145624931,2.26439027145858,0.699071964585638,2.70785811611516,3.87350409298733,4.11755204200745,5.8452380952381,16,8,0.947362554211972,58.0229730606079,1.44770244558578
music,spotify:track:1cCbsojaA6GIT7Y3zuMJ1q,neo-psychedelic,58,98.8793103448276,205.404065835108,2.07732097967502,0.958135650869001,2.97630633945514,3.10635173292604,5.56064767837524,3.91379310344828,14,7,0.894347798726392,54.6137320995331,1.06200396439297
music,spotify:track:5h9hkYIBWTZYFRmF6Iz1gt,neo-psychedelic,64,121.984375,252.754975976457,2.0720274705384,0.900170969584632,2.87377804861424,3.192480257323,5.84314336776733,5.3125,16,9,0.966842606619309,56.7107710838318,1.12853341220477
music,spotify:track:3LbZIhU0smEU5SUnxod4j4,neo-psychedelic,30,64.0666666666667,13.4286592364573,0.209604462587782,1.8692859370133,3.90212131007608,2.08749300083582,10.75418343544,2.3,6,8,0.980023420038359,54.2092921733856,0.553410657052052
music,spotify:track:6RZmhpvukfyeSURhf4kZ0d,neo-psychedelic,53,121.094339622642,233.905662660321,1.9315986477091,1.07972575609501,3.40038036171711,3.14930003523775,5.65088330507278,5.86792452830189,21,7,0.959439106753975,56.1457393169403,0.943971896083107
music,spotify:track:6K4t31amVTZDgR3sKmwUJJ,neo-psychedelic,62,123.983870967742,256.319199432892,2.06735922529457,0.763701493622827,2.80919877695507,3.6783989561535,3.07236576080322,5.95161290322581,18,6,0.928101143033518,46.5857911109924,1.33087790335647
music,spotify:track:52ojopYMUzeNcudsoz7O9D,neo-psychedelic,45,105.266666666667,214.724153793238,2.03981146732019,1.02719011090019,2.47750584350037,2.41192532639278,5.37059142589569,3.71111111111111,13,7,0.93741302231175,45.1963648796082,0.995655294842158
music,spotify:track:0mO6oS60RST2sWmN2FKknP,neo-psychedelic,69,150.985507246377,323.574666819502,2.14308427822477,0.839875298387864,2.42350684916602,2.88555557452151,6.038327896595,5.60869565217391,16,8,0.923973294690653,57.1115202903748,1.20816255020318
music,spotify:track:5M4yti0QxgqJieUYaEXcpw,neo-psychedelic,48,102.1875,208.248715107081,2.03790791542097,1.20151940305182,2.87768748150911,2.39504037487856,8.15557353496551,3.83333333333333,14,7,0.895502301420602,56.4714119434357,0.849987601657259
music,spotify:track:1JpcqmUlzNlK7lpFOkszzv,neo-psychedelic,80,148.35,284.330358034453,1.91661852399361,0.715743082988111,2.20715884468066,3.08373059711053,4.56727769374847,7.1625,27,9,0.916059990719741,56.5437035560608,1.41483480863052
music,spotify:track:2drEUEg0TYQR6dDEHkpuPE,neo-psychedelic,60,94.4333333333333,186.849169712424,1.97863575410262,0.993098032676568,2.77179098405687,2.79105475275832,7.19417197704315,3.81666666666667,13,8,0.915064517583924,58.5927839279175,1.0240168836117
music,spotify:track:6qZjm61s6u8Ead9sWxCDro,neo-psychedelic,98,121.948979591837,261.442910319063,2.14387124184321,0.575585313679017,1.91015323509134,3.31862747310569,3.33083848953246,6.09183673469388,17,8,0.854830484592366,55.8317754268646,1.75527285762876
music,spotify:track:6ewQE1dNPv9qqlnB1CxrvM,neo-psychedelic,41,99.3658536585366,190.778093043323,1.91995626283168,1.12641875743866,2.89112578960692,2.56665273950248,4.12492218017578,3.19512195121951,11,7,0.888749301599073,45.0567502975464,0.909963539963349
music,spotify:track:0xtIp0lgccN85GfGOekS5L,neo-psychedelic,36,63.8333333333333,13.5820551545862,0.212773709993518,1.61640327317374,2.94006965704099,1.8188961293479,6.1951018810272,2.05555555555556,4,10,0.94834505521926,56.5741145610809,0.636333423497634
music,spotify:track:3kI3vRDwTbYs9O8svalUWu,neo-psychedelic,32,64.6875,14.136472111174,0.218534834568873,1.07916745831889,2.44345742903017,2.26420599527393,3.96074223518372,2.75,8,7,0.970703723755648,33.4541912078857,0.956531867745678
music,spotify:track:43evTNhnbi70nlOVZ8Q5sK,neo-psychedelic,60,121.483333333333,281.927442891882,2.32070881787803,0.953512022050761,2.85149867995469,2.99052200078385,6.91806445121765,4.61666666666667,13,8,0.945914227996715,56.2572093009949,1.06652997447811
music,spotify:track:1KcOU0q9AMXV9xi4tSzzCc,neo-psychedelic,71,152.056338028169,319.16201401831,2.0989721188681,0.836002836908613,2.90999011090089,3.48083760296975,6.69142313003539,5.2112676056338,16,6,0.918882941205701,58.5201985836029,1.21325630668475
music,spotify:track:3ZuT0Evo8chdVM6rPXXqgd,neo-psychedelic,58,105.172413793103,213.426813583117,2.02930412915095,0.979680111533717,3.4247637994294,3.49579802540631,4.59492349624632,4.55172413793104,14,5,0.891435255964648,55.8417663574219,1.03864909338226
music,spotify:track:1mM2u5TRMdUKsIfZKEI6yJ,art rock,59,120.779661016949,262.592683737433,2.17414655353754,0.963604010384658,3.24204307750348,3.36449728577749,4.96503951549529,5.15254237288136,18,7,0.945940904195738,55.8890326023102,1.05566328942973
music,spotify:track:2fV57qob1dYMJKEfTwHOt1,art rock,78,121.525641025641,222.487840310718,1.83078927568689,0.751726918406301,2.49538516447634,3.31953679371584,4.33206162452698,6.71794871794872,25,9,0.946165085825621,57.8829727172852,1.34754654673614
music,spotify:track:7c378mlmubSu7NGkLFa4sN,art rock,87,103.83908045977,178.518737453924,1.71918642445111,0.676642894744873,1.93058231805298,2.85317755206888,4.05712485313416,4.83908045977012,14,13,0.985763780251755,58.1912889480591,1.4950691344482
music,spotify:track:2fuYa3Lx06QQJAm0MjztKr,art rock,60,115.383333333333,231.58548397706,2.00709649554002,0.917931144520388,2.44213698585221,2.66047949285804,4.50330405235288,4.23333333333333,14,10,0.932218917056468,54.1579375267029,1.10787084479383
music,spotify:track:63OQupATfueTdZMWTxW03A,art rock,34,64.2352941176471,13.8522854846696,0.215649133003099,1.57608458490083,4.12671291988681,2.61833213738746,8.47089185714721,2.55882352941176,6,7,0.970076631543742,52.0107913017273,0.653710492554472
music,spotify:track:2a1iMaoWQ5MnvLFBDv4qkf,art rock,47,103.212765957447,210.332556961307,2.03785408723591,1.19771608580714,3.20336642081947,2.67456240988926,4.93352037668228,3.61702127659575,13,9,0.976019604255712,55.0949399471283,0.853072896442095
music,spotify:track:0Kwg1epDRFLyXFq09t7MtB,art rock,97,124.60824742268,228.939219264736,1.83727180182671,0.580619364976883,1.85809327575671,3.20019170533641,5.24270498752594,7.11340206185567,25,8,0.882564672757957,55.7394590377808,1.74023935062327
music,spotify:track:73CKjW3vsUXRpy3NnX4H7F,art rock,55,83.0727272727273,120.302777802956,1.44816213157421,0.961722493171692,2.06468813008373,2.14686476061773,5.77756992578506,3.09090909090909,9,9,0.884868970886806,51.9330146312714,1.05905656335386
music,spotify:track:7oDFvnqXkXuiZa1sACXobj,art rock,48,104.458333333333,224.971753628218,2.15369847908944,1.20153347989346,3.52385045620265,2.93279422935023,7.07224946022032,3.83333333333333,14,6,0.886933011238437,56.4720735549927,0.849977643432155
music,spotify:track:1tZcw7GtIqviL32bzaKdSo,art rock,48,133.5625,289.896310935048,2.17049179923293,1.00320297099174,3.51647915155189,3.50525193129719,3.63562395572662,4.66666666666667,16,4,0.870304371383187,47.1505396366119,1.01801592028288
music,spotify:track:2QwObYJWyJTiozvs0RI7CF,art rock,59,106.694915254237,196.469452858068,1.84141345808198,0.961986570522703,3.07533950836767,3.19686324383578,6.63116503953933,4.71186440677966,15,6,0.905408244765103,55.7952210903168,1.05743823300737
music,spotify:track:65Qe2BvSSTOEC9ElDw3JgP,art rock,62,109.564516129032,208.032768895776,1.89872393221524,0.952870478395556,2.96857968994204,3.11540734784914,7.16851615905762,5.12903225806452,19,7,0.907946639088449,58.1250991821289,1.06666484655329
music,spotify:track:4mRSbPLnOm54ttkTYvxxSY,art rock,92,155.565217391304,354.438266665899,2.27839019936156,0.651992229314951,2.46778044039456,3.7849844360683,3.30770432949066,7.35869565217391,28,7,0.866834560106753,59.3312928676605,1.5506151232067
music,spotify:track:6yiSyupeI7KYdBZKJdnIUO,art rock,66,116.060606060606,246.317169198692,2.12231503487123,0.914815715643076,2.42462453497598,2.65039667937009,7.13757662773132,3.84848484848485,13,8,0.895665219971923,59.4630215167999,1.10993350684935
music,spotify:track:7KHQtpLpoIV3Wfu22YQT8y,art rock,50,100.18,203.819791973204,2.03453575537237,1.21788924080985,3.42175895700701,2.80958139898804,8.3965233325958,4.86,16,8,0.977503867253185,59.6765727996826,0.837849723170864
music,spotify:track:5JZ1jTanqLWVuThmZ6XRAc,art rock,57,148.614035087719,309.976499074454,2.08578213283483,0.804581310067858,2.33916720041842,2.90730989043374,6.57943147420883,6.6140350877193,17,6,0.952789155677663,45.0565533638001,1.26507679226516
music,spotify:track:5h4y42RUKwYKYWgutNwvKP,art rock,84,122.714285714286,217.708551980491,1.77410927108666,0.696957490530359,2.1211945077,3.04350629202055,4.15996499061584,6.33333333333333,21,9,0.926423003412251,57.8474717140198,1.45209457753435
music,spotify:track:2dDqsUr11Mv0qhXByNfbJx,art rock,62,127.193548387097,274.121402273123,2.15515178048866,0.851767391454978,2.96626857779625,3.48248665956713,5.1188223361969,5.5,16,6,0.912771475148262,51.9578108787537,1.19327583189908
music,spotify:track:1FoUsSi9BCTlNt2Vd7V8XA,art rock,34,64.2352941176471,13.8522854846696,0.215649133003099,1.48965558138761,3.78898308758477,2.54352961511771,9.62055587768554,3.73529411764706,8,6,0.987015487589047,49.158634185791,0.691638418421061
music,spotify:track:62SvkbQm1wMS6KZtbtls1V,art rock,89,109.516853932584,178.529455748561,1.63015507967805,0.676203803582625,2.49898512184895,3.6956093837523,3.43096247911453,6.02247191011236,17,7,0.916217589625828,59.505934715271,1.49564913862549
music,spotify:track:23SZWX2IaDnxmhFsSLvkG2,rap,49,64.2244897959184,13.1432691024294,0.204645753422002,1.10192848245303,2.99850807923999,2.72114581571115,7.84777650833129,3.12244897959184,9,7,0.932547918749197,52.8925671577454,0.926406159373277
music,spotify:track:3sNVsP50132BTNlImLx70i,rap,68,137.661764705882,319.167050594389,2.31848728131807,0.835444827577961,3.23701773490874,3.87460383744692,3.56501619815826,6.10294117647059,18,5,0.916841092281318,55.9748034477234,1.21483231403407
music,spotify:track:7vgTNTaEz3CsBZ1N4YQalM,rap,54,98.2592592592593,196.564020782334,2.00046308372523,1.0542848110199,3.64791982590902,3.4600895201934,7.23991484642028,4.18518518518519,13,5,0.949412529418843,55.8770949840546,0.966406718448942
music,spotify:track:3DK6m7It6Pw857FcQftMds,rap,51,100.039215686275,202.209555522193,2.02130288742294,0.927535037994385,2.64496710558144,2.85160883118839,4.81344672441483,3.84313725490196,13,6,0.905404037368309,46.3767518997192,1.09968891547812
music,spotify:track:5TRPicyLGbAF2LGBFbHGvO,rap,57,98.6140350877193,207.0724726414,2.09982760017075,1.0074568433421,2.99861616003635,2.97642145155206,8.93167501688004,4.26315789473684,14,6,0.925278089976611,56.4175832271576,1.01032332013403
music,spotify:track:4KW1lqgSr8TKrvBII0Brf8,rap,71,116.704225352113,240.801911131705,2.0633521229002,0.818713218825204,2.6997785386812,3.29758757597098,4.26683282852173,4.88732394366197,15,7,0.916141457642338,57.3099253177643,1.23887790127677
music,spotify:track:2dxjKgT0li4qBI3QwuN9Ih,rap,41,64.609756097561,13.7146495447617,0.212269019001597,1.28727567791939,3.93251470895253,3.05491261616053,5.26364990472791,3.14634146341463,10,5,0.897489270000441,51.4910271167755,0.79625523699531
music,spotify:track:4ZPdLEztrlZqbJkgHNw54L,rap,56,149.125,427.337106079197,2.8656302167926,1.07482770573009,2.46641298101701,2.29470543778146,7.83823328018188,4.28571428571429,16,9,0.928182035463029,59.115523815155,0.94729770432388
music,spotify:track:4UQMOPSUVJVicIQzjAcRRZ,rap,57,110.333333333333,205.06878036006,1.85862942924526,0.960203315530505,2.3179936491108,2.41406545011786,7.19539022445679,4.29824561403509,13,10,0.984289950703474,53.7713856697083,1.0600433537295
music,spotify:track:46OFHBw45fNi7QNjSetITR,rap,50,204.12,422.762658710535,2.07114765192306,1.0179006469493,2.58391270163556,2.53847240335261,4.83995008468628,4.68,13,9,0.976474481557117,49.8771317005158,1.00246341951301
music,spotify:track:5SkRLpaGtvYPhw02vZhQQ9,rap,54,129.833333333333,301.346960729224,2.32102922256142,1.10419166762874,3.26624214882017,2.95803911999667,4.66865649223327,4.7037037037037,17,9,0.968658450738983,58.5221583843231,0.922727416261282
music,spotify:track:7yNK27ZTpHew0c55VvIJgm,rap,26,66.4615384615385,15.069660731291,0.226742580447665,2.04405637741089,4.62456155166888,2.26244324900989,13.9255427837371,2.26923076923077,4,7,0.996028195993852,51.1014094352722,0.508792228772731
music,spotify:track:5nIu0VwPOsjkF61zfevLKh,rap,68,167.058823529412,374.441815253559,2.2413770631375,0.852423692817119,2.83953151293329,3.33112692298487,6.68476071357725,6.36764705882353,21,7,0.951814859995054,57.112387418747,1.19063487053037
music,spotify:track:3F18I7LhWKxlf1PytSoTBH,rap,39,65.4615384615385,14.0582052942285,0.214755192508779,1.46547176335987,3.43954053581958,2.34705343481595,8.72129086256027,2.92307692307692,9,7,0.955741553801622,55.6879270076752,0.700331330247305
music,spotify:track:1o0kWPueYo94LIjPYOE5Nf,rap,49,137.224489795918,320.997759881949,2.3392162751659,1.13355712095896,3.50936294163793,3.09588540070137,3.96869655847549,5.97959183673469,21,7,0.951773267574579,54.4107418060303,0.900557470337032
music,spotify:track:5DBmXF7QO43Cuy9yqva116,rap,56,186.071428571429,395.201072563198,2.12392131128014,0.857195069573142,2.43971353048904,2.84615907987426,5.62819724082945,5.69642857142857,17,7,0.931927827176981,47.1457288265228,1.18780643324144
music,spotify:track:5g1vtHqi9uV7xtYeCcFOBx,rap,30,65.2,14.4346804606129,0.221390804610627,1.99365663528442,4.45495459273725,2.23456462556888,13.2406705856323,2.3,4,8,0.996877925513119,57.8160424232483,0.518887124448642
music,spotify:track:4iz9lGMjU1lXS51oPmUmTe,rap,32,64.6875,14.136472111174,0.218534834568873,1.45332849410272,2.46025103379794,1.69283891685952,6.41691935062408,2.125,4,9,0.953987819878172,45.0531833171845,0.710271675471029
music,spotify:track:22L7bfCiAkJo5xGSQgmiIO,rap,49,135.918367346939,315.686866083692,2.32262108680194,1.1630250364542,3.24369275525546,2.7890136958227,7.18348898887634,4.83673469387755,17,7,0.93595210927119,55.8252017498016,0.877739774584408
music,spotify:track:0m3Ze0cy8qBHSsV2exAfCw,rap,67,173.582089552239,340.905867396683,1.96394609764211,0.849069479740027,2.79228695502701,3.28864365243933,4.18603849411011,4.71641791044776,14,9,0.917187692198985,56.0385856628418,1.19560476424419
podcast,spotify:episode:5rIjNxwPxdCcgr9bSt0Pby,podcast,83,139.289156626506,219.681561988261,1.57716197950226,0.713776498306088,1.7634438723241,2.47058270552343,4.58964322805405,4,14,10,0.828035607999554,58.5296728610992,1.41808412626828
podcast,spotify:episode:3t8iUSntRaSqsNzAQOX72I,podcast,89,140.887640449438,220.809310085139,1.56727239792467,0.642663462595506,1.65676064175381,2.57795990931661,4.12973812818527,4.57303370786517,16,12,0.922497204353129,56.5543847084045,1.57370645015211
podcast,spotify:episode:3TxjF2mZy9S9I9GL5eZ8sq,podcast,84,132.535714285714,210.591878287555,1.58894437942644,0.67824000910104,1.71243216070579,2.52481737692752,3.68416142463684,4.36904761904762,16,11,0.854861386616777,56.2939207553864,1.49216822834218
podcast,spotify:episode:1k7ofXS8KOle5Gj1Ov40Cj,podcast,72,142.597222222222,213.027297398076,1.49390916652006,0.799777145117102,2.51574688276624,3.14555985767496,6.38114166259766,4.33333333333333,16,5,0.812769950444914,56.7841773033142,1.26795884732837
podcast,spotify:episode:2aokNhH1yC1H3UTrAHHkSr,podcast,85,130.588235294118,198.54626333709,1.52039931384258,0.686032990614573,1.95134888286127,2.84439510862762,5.18723316192627,4.62352941176471,16,9,0.876713969513736,57.6267712116241,1.47500889279138
podcast,spotify:episode:2gLgnPyDs3kiaKuRohXVMl,podcast,72,131.111111111111,160.271605889256,1.22241055339263,0.704883091886279,2.15893436968016,3.06282615448019,5.25251972675324,4.04166666666667,11,7,0.899487236194954,50.0466995239258,1.43865630870581
podcast,spotify:episode:4qoSEHPK50ILMFTvAj7oro,podcast,450,7062.69777777778,12352.8387563253,1.74902553457583,0.130336284637451,0.588288055611742,4.51361688917364,0.46391286849975,14.7377777777778,55,14,0.781302873526669,58.5209918022156,7.68954841915313
podcast,spotify:episode:5M2X4GKJEqi2Fgj8NBz4yG,podcast,269,435.338289962825,1124.50138676272,2.58305187641258,0.214324870216313,1.03789009497965,4.84260223245272,1.18532744646072,64.2936802973978,177,10,0.813762833517438,57.4390652179718,4.68322384737964
podcast,spotify:episode:3zOt4wFscUeXIEJ0TCrjQC,podcast,94,121.372340425532,190.926630892299,1.57306541360996,0.576880913908764,1.5869324628624,2.75088397726638,4.00182366371155,4.59574468085106,14,11,0.871511884094012,53.649924993515,1.75209937406925
podcast,spotify:episode:6lLyfYTcb5JiTkXIvWVDlw,podcast,89,127.303370786517,195.568971396046,1.53624346462913,0.672082873907956,1.97893198655981,2.94447614034997,3.86660474538802,4.04494382022472,15,8,0.787818424166735,59.1432929039002,1.50481983045166
podcast,spotify:episode:1AbUp1QKvNwKtCmztkPR25,podcast,111,133.117117117117,232.538042561934,1.74686807826033,0.513075592301109,1.37618080183959,2.68221841477103,3.94286873340607,4.67567567567568,15,12,0.865577298926737,56.438315153122,1.9667490019652
podcast,spotify:episode:4VY5p7VBGHP37D8xmT7yXB,podcast,88,140.261363636364,216.514512127425,1.54365041458425,0.648485715361847,1.76589225830284,2.7231012441307,4.09563505649567,4.57954545454545,19,9,0.832571026737927,56.4182572364807,1.55977877216488
podcast,spotify:episode:0wWZvghs3ZbuOe6iSqxynB,podcast,467,21758.7173447537,25879.5077375535,1.18938572193886,0.126685170656622,0.809737105761462,6.39172763129666,0.0746548771858215,50.2676659528908,99,10,0.841380438862581,59.0352895259857,7.91052273563323
podcast,spotify:episode:7AyGSyEYhKIaJS0yRybemi,podcast,88,134.602272727273,225.78436715012,1.67741868376619,0.661633973834158,1.61420859856831,2.43973051929906,4.7012576341629,4.23863636363636,13,11,0.901162553547942,57.5621557235718,1.52878221626373
podcast,spotify:episode:77W0scmQcSL195KMTDSECm,podcast,106,158.358490566038,349.163263663377,2.2048913349409,0.560544472648984,1.64076716930221,2.9270954390976,3.17824440002441,4.64150943396226,16,8,0.74175811217718,58.8571696281433,1.80097005462041
podcast,spotify:episode:4AvdPoehxcCOnhffN7TvJY,podcast,94,123.329787234043,190.953285381077,1.54831439884596,0.636325223471529,1.57117768466532,2.46914254961263,3.77622728347778,3.72340425531915,14,11,0.799719624654216,59.1782457828522,1.58842153491542
podcast,spotify:episode:3oCt4EjUTzUZ0XNoXvDblF,podcast,67,97.5074626865672,107.655527637346,1.10407475152338,0.855829148581534,1.94829661235091,2.27650181765841,5.59738790988922,3.1044776119403,10,11,0.892981676992019,56.4847238063812,1.18616141648604
podcast,spotify:episode:070Y622pJOmkWOaNIwIU7H,podcast,660,23408.9833333333,28046.4883710366,1.19810792171823,0.0899270246531786,0.683960385075808,7.60572684033122,0.0467864751815797,105.69696969697,219,10,0.778166412037847,59.2619092464447,11.1370019696015
podcast,spotify:episode:0um6B0HlPWV4rC56ZkLuNL,podcast,530,20699.6283018868,26820.4752676846,1.29569839982295,0.111095797136736,0.714620925354224,6.43247488898859,0.0561820030212398,89.7566037735849,203,11,0.8103064492763,58.7696766853333,9.01825618061072
podcast,spotify:episode:2oCvDSfqbbqpL0didwl261,podcast,76,113.434210526316,137.292938401445,1.21033097303211,0.731339146296183,2.08184882303799,2.84662571883561,4.29004402160644,4.03947368421053,13,9,0.888382188838419,54.8504359722137,1.3855860696987
podcast,spotify:episode:0y7UYZoXVYyAXuyNN7GiPD,podcast,114,114.210526315789,183.672882071619,1.60819574164091,0.520503685537693,1.48505228679063,2.85310618935683,3.28000588417053,4.79824561403509,16,13,0.865662737788385,58.8169164657593,1.93821789461483
podcast,spotify:episode:4MHyZOsKrYhzViiXEdPlfI,podcast,98,131.989795918367,206.20687526385,1.56229406848529,0.591328225184962,1.64475330987316,2.78145578009352,5.44401469230651,4.35714285714286,18,9,0.843812864508337,57.3588378429413,1.70854228721198
podcast,spotify:episode:0YibwFlA2EYOUs1tm9BNtx,podcast,128,221.46875,494.068820128773,2.23087374687748,0.456700991457842,1.52383689968149,3.33661833055634,3.21687030792236,6.3828125,24,9,0.823819596620575,58.0010259151459,2.2068575164043
podcast,spotify:episode:7u5smeZFDHzN0eTM4jMFOn,podcast,90,109.966666666667,135.420042009216,1.23146446204197,0.556643657470017,1.33217335538817,2.39322470940024,4.38041973114014,5.14444444444445,16,12,0.876408560531424,49.5412855148315,1.81666662592064
podcast,spotify:episode:0vatrFBBdlSHEkv4x4v6Es,podcast,118,130.669491525424,219.193090911031,1.67746187998584,0.498229519933717,1.48493243664097,2.98041841607161,3.17763733863829,4.70338983050848,16,9,0.7722447038922,58.2928538322449,2.02426184759422
podcast,spotify:episode:73lIx1idgSoMixnTocVNF2,podcast,91,126.538461538462,193.757144225168,1.53121147411987,0.635936443010966,1.63456853658138,2.5703331748723,5.04044998884201,4.13186813186813,14,10,0.843078506591881,57.2342798709869,1.58995623261313
podcast,spotify:episode:0T7dR75FykwL4wbpj6kNGe,podcast,104,137.961538461538,273.21173541205,1.98034712035497,0.56869817243039,1.57337403213388,2.7666240343448,4.5602019071579,5.07692307692308,18,9,0.804496100234877,58.5759117603302,1.77547385733452
podcast,spotify:episode:1MD4QeoLUvvv2a093NuhOn,podcast,84,137.535714285714,238.314040832308,1.73274296112818,0.627783829907337,1.70308795216728,2.71285731016464,5.11118061542511,4.73809523809524,16,8,0.808110877941056,52.106057882309,1.61209662396125
podcast,spotify:episode:1Ith8WxQHH24vsYZ3b2ttz,podcast,97,122.082474226804,188.4826919289,1.54389639563447,0.608223654329777,1.62706902706294,2.67511632518775,3.74954450130463,3.51546391752577,11,8,0.741133266818071,58.3894708156586,1.6612584194544
podcast,spotify:episode:7hAVYln5XTgz8TJ02s0CC2,podcast,106,131.971698113208,225.473692459799,1.70850035032802,0.53496074903579,1.6670175263589,3.11614923031928,3.97298974990845,5.71698113207547,20,10,0.850976262119593,56.1708786487579,1.88709884107081
podcast,spotify:episode:2skkPrqemEpcxkmJ0fWRAT,podcast,82,127.012195121951,174.744586705816,1.37580951607075,0.703118106465281,1.91786158506969,2.72765210771086,4.32360696792603,3.60975609756098,11,10,0.870127664946427,56.9525666236877,1.4397946372077
podcast,spotify:episode:2skkPrqemEpcxkmJ0fWRAT,podcast,90,117.233333333333,167.781607388229,1.43117663396271,0.607251033354341,1.56272515309628,2.57344173539578,4.04997763633728,4.6,14,12,0.918639527303098,54.0453419685364,1.66526839727271
podcast,spotify:episode:4Cpgtn58GtbQKg63Od6YwQ,podcast,130,132.246153846154,303.853584719262,2.29763645960354,0.457148557485536,1.45612672298714,3.18523748821674,2.88194274902344,5.83846153846154,25,12,0.819621596418181,58.9721639156342,2.2044298762036
podcast,spotify:episode:3Mk4DHniXM84PmHYgjteeg,podcast,95,133.526315789474,202.455029034014,1.51621819142541,0.610539880204708,1.64921938808257,2.70124760323535,3.91917417049408,3.93684210526316,16,9,0.765689373591585,57.3907487392426,1.6553190555439
podcast,spotify:episode:3uy6dH8Gc2R4nOqXS5zsY9,podcast,97,142.257731958763,243.235420234619,1.70982214383347,0.602607036630313,1.82044121544248,3.0209425127561,4.18479079008102,4.60824742268041,14,8,0.807299935762881,57.85027551651,1.67674223042061
